class,num_samples,robust_acc
0,48,0.75
1,44,0.9090909090909091
2,44,0.8181818181818182
3,51,0.7843137254901961
4,56,0.9285714285714286
5,58,0.8103448275862069
6,47,0.9574468085106383
7,48,0.9583333333333334
8,49,0.9591836734693877
9,55,0.9090909090909091
